Year,NOC,Medal_Info,Continuous_Info
1900,ITA,"首次获奖：Cycling_Men's_Points_Race-Gold；Fencing_Men's_Sabre,_Masters,_Individual-Gold；Fencing_Men's_Sabre,_Masters,_Individual-Silver；Equestrianism_Mixed_High_Jump-Gold；Equestrianism_Mixed_Long_Jump-Silver",
1900,SWE,首次获奖：Tug_Of_War_Men's_Tug_Of_War-Gold；Athletics_Men's_Marathon-Bronze,
1904,USA,,Athletics_Men's_100_metres-连续3届Gold；Athletics_Men's_110_metres_Hurdles-连续3届Gold；Athletics_Men's_400_metres-连续3届Gold；Athletics_Men's_400_metres-连续3届Silver；Athletics_Men's_Long_Jump-连续3届Gold；Athletics_Men's_Pole_Vault-连续3届Silver；Athletics_Men's_Shot_Put-连续3届Gold；Athletics_Men's_Triple_Jump-连续3届Gold
1908,RSA,首次获奖：Athletics_Men's_Marathon-Silver；Athletics_Men's_100_metres-Gold,
1908,RUS,"首次获奖：Figure_Skating_Men's_Special_Figures-Gold；Wrestling_Men's_Lightweight,_Greco_Roman-Silver；Wrestling_Men's_Heavyweight,_Greco_Roman-Silver",
1908,USA,,Athletics_Men's_400_metres_Hurdles-连续3届Gold；Athletics_Men's_Hammer_Throw-连续3届Silver；Athletics_Men's_Long_Jump-连续4届Silver
1912,GER,,Diving_Men's_Springboard-连续3届Silver
1912,USA,,Athletics_Men's_110_metres_Hurdles-连续4届Bronze；Athletics_Men's_110_metres_Hurdles-连续4届Silver；Athletics_Men's_200_metres-连续3届Silver；Athletics_Men's_Discus_Throw-连续3届Silver；Athletics_Men's_Hammer_Throw-连续4届Gold；Athletics_Men's_High_Jump-连续5届Gold；Athletics_Men's_Pole_Vault-连续5届Gold；Athletics_Men's_Shot_Put-连续4届Bronze
1920,BRA,"首次获奖：Shooting_Men's_Free_Pistol,_50_metres,_Team-Bronze；Shooting_Men's_Free_Pistol,_50_metres-Silver；Shooting_Men's_Military_Pistol,_30_metres-Gold",
1920,JPN,首次获奖：Tennis_Men's_Doubles-Silver；Tennis_Men's_Singles-Silver,
1924,ARG,首次获奖：Polo_Men's_Polo-Gold；Boxing_Men's_Heavyweight-Bronze；Boxing_Men's_Featherweight-Bronze；Boxing_Men's_Welterweight-Silver；Athletics_Men's_Triple_Jump-Silver；Boxing_Men's_Lightweight-Silver,
1924,MON,首次获奖：Art_Competitions_Mixed_Architecture-Bronze,
1924,POL,"首次获奖：Cycling_Men's_Team_Pursuit,_4,000_metres-Silver；Equestrianism_Men's_Jumping,_Individual-Bronze",
1924,POR,"首次获奖：Equestrianism_Men's_Jumping,_Team-Bronze",
1924,ROU,首次获奖：Rugby_Men's_Rugby-Bronze,
1924,YUG,首次获奖：Gymnastics_Men's_Individual_All_Around-Gold；Gymnastics_Men's_Horizontal_Bar-Gold,
1928,CHI,首次获奖：Athletics_Men's_Marathon-Silver,
1928,EGY,"首次获奖：Wrestling_Men's_Light_Heavyweight,_Greco_Roman-Gold；Diving_Men's_Springboard-Bronze；Diving_Men's_Platform-Silver；Weightlifting_Men's_Light_Heavyweight-Gold",
1928,FIN,,"Athletics_Men's_10,000_metres-连续3届Gold(间隔8年)；Athletics_Men's_5,000_metres-连续3届Silver；Athletics_Men's_Discus_Throw-连续3届Silver"
1928,GBR,,Swimming_Women's_4_x_100_metres_Freestyle_Relay-连续3届Silver
1928,NOR,,Sailing_Mixed_6_metres-连续3届Gold
1928,PHI,首次获奖：Swimming_Men's_200_metres_Breaststroke-Bronze,
1928,SWE,,"Athletics_Men's_5,000_metres-连续3届Bronze"
1928,USA,,"Athletics_Men's_Discus_Throw-连续3届Bronze(间隔8年)；Athletics_Men's_High_Jump-连续3届Gold(间隔8年)；Swimming_Men's_100_metres_Backstroke-连续3届Gold(间隔8年)；Swimming_Men's_100_metres_Backstroke-连续3届Silver；Swimming_Men's_100_metres_Freestyle-连续3届Gold(间隔8年)；Swimming_Men's_4_x_200_metres_Freestyle_Relay-连续3届Gold；Swimming_Women's_100_metres_Freestyle-连续3届Silver；Wrestling_Men's_Featherweight,_Freestyle-连续3届Gold(间隔12年)"
1932,FIN,,"Wrestling_Men's_Middleweight,_Greco_Roman-连续3届Gold(间隔18年)"
1932,FRA,,"Fencing_Men's_epee,_Individual-连续4届Silver(间隔12年)"
1932,GBR,,"Athletics_Men's_800_metres-连续4届Gold(间隔20年)；Fencing_Women's_Foil,_Individual-连续3届Silver；Rowing_Men's_Coxless_Fours-连续3届Gold(间隔16年)"
1932,ITA,,"Cycling_Men's_Team_Pursuit,_4,000_metres-连续4届Gold"
1932,LAT,首次获奖：Athletics_Men's_50_kilometres_Walk-Silver,
1932,NED,,"Equestrianism_Men's_Three_Day_Event,_Individual-连续3届Gold"
1932,SWE,,"Cycling_Men's_Road_Race,_Team-连续3届Bronze；Modern_Pentathlon_Men's_Individual-连续4届Gold(间隔8年)；Modern_Pentathlon_Men's_Individual-连续4届Silver(间隔8年)"
1932,USA,,Athletics_Men's_400_metres_Hurdles-连续4届Bronze(间隔16年)；Athletics_Men's_4_x_400_metres_Relay-连续3届Gold(间隔12年)；Athletics_Men's_Pole_Vault-连续4届Bronze(间隔8年)；Athletics_Men's_Shot_Put-连续3届Gold(间隔12年)；Athletics_Men's_Shot_Put-连续3届Silver(间隔12年)；Diving_Men's_Platform-连续4届Bronze；Rowing_Men's_Double_Sculls-连续4届Gold(间隔16年)；Rowing_Men's_Single_Sculls-连续3届Silver(间隔20年)；Swimming_Women's_100_metres_Freestyle-连续4届Gold；Swimming_Women's_400_metres_Freestyle-连续3届Gold；Swimming_Women's_4_x_100_metres_Freestyle_Relay-连续4届Gold
1936,FIN,,"Athletics_Men's_10,000_metres-连续3届Silver；Athletics_Men's_3,000_metres_Steeplechase-连续4届Gold；Athletics_Men's_5,000_metres-连续4届Gold(间隔12年)"
1936,GBR,,"Cycling_Men's_Team_Pursuit,_4,000_metres-连续3届Bronze"
1936,HUN,,"Fencing_Men's_Sabre,_Individual-连续4届Gold(间隔12年)；Fencing_Men's_Sabre,_Team-连续3届Gold(间隔16年)"
1936,IND,,Hockey_Men's_Hockey-连续3届Gold
1936,ITA,,"Fencing_Men's_Foil,_Individual-连续3届Bronze；Fencing_Men's_Sabre,_Team-连续3届Silver(间隔20年)"
1936,JPN,,Athletics_Men's_Triple_Jump-连续3届Gold；Swimming_Men's_200_metres_Breaststroke-连续3届Gold
1936,TUR,"首次获奖：Wrestling_Men's_Middleweight,_Freestyle-Bronze；Wrestling_Men's_Featherweight,_Greco_Roman-Gold",
1936,USA,,Athletics_Men's_400_metres-连续3届Gold(间隔16年)；Athletics_Men's_4_x_100_metres_Relay-连续5届Gold；Athletics_Men's_Discus_Throw-连续4届Gold(间隔16年)；Athletics_Men's_High_Jump-连续5届Silver(间隔16年)；Athletics_Men's_Long_Jump-连续4届Gold(间隔12年)；Athletics_Men's_Pole_Vault-连续5届Gold(间隔8年)；Diving_Men's_Platform-连续5届Gold；Diving_Men's_Springboard-连续5届Gold(间隔16年)；Diving_Men's_Springboard-连续5届Silver；Diving_Women's_Platform-连续3届Gold；Diving_Women's_Platform-连续3届Silver；Diving_Women's_Springboard-连续5届Bronze；Diving_Women's_Springboard-连续5届Gold；Diving_Women's_Springboard-连续5届Silver；Rowing_Men's_Coxed_Eights-连续5届Gold(间隔16年)
1948,IRI,首次获奖：Weightlifting_Men's_Featherweight-Bronze,
1948,PAN,首次获奖：Athletics_Men's_100_metres-Bronze；Athletics_Men's_200_metres-Bronze,
1948,PER,"首次获奖：Shooting_Men's_Free_Pistol,_50_metres-Gold",
1952,BUL,首次获奖：Boxing_Men's_Middleweight-Bronze,
1952,LIB,"首次获奖：Wrestling_Men's_Bantamweight,_Greco_Roman-Silver；Wrestling_Men's_Welterweight,_Greco_Roman-Bronze",
1952,VEN,首次获奖：Athletics_Men's_Triple_Jump-Bronze,
1956,AUS,,Athletics_Women's_100_metres-连续3届Bronze
1956,BAH,首次获奖：Sailing_Mixed_Two_Person_Keelboat-Bronze,
1956,FRA,,"Fencing_Men's_Foil,_Individual-连续3届Gold(间隔20年)"
1956,GBR,,"Cycling_Men's_Team_Pursuit,_4,000_metres-连续3届Bronze(间隔12年)"
1956,HUN,,Gymnastics_Women's_Team_All_Around-连续3届Silver
1956,IND,,Hockey_Men's_Hockey-连续3届Gold(间隔12年)
1956,ISL,首次获奖：Athletics_Men's_Triple_Jump-Silver,
1956,PAK,首次获奖：Hockey_Men's_Hockey-Silver,
1956,RSA,,Boxing_Men's_Heavyweight-连续3届Bronze
1956,SWE,,"Canoeing_Men's_Kayak_Singles,_1,000_metres-连续3届Gold；Modern_Pentathlon_Men's_Individual-连续3届Gold(间隔16年)"
1956,USA,,Athletics_Men's_100_metres-连续3届Gold(间隔12年)；Athletics_Men's_200_metres-连续3届Gold(间隔12年)；Athletics_Men's_4_x_100_metres_Relay-连续3届Gold(间隔12年)；Athletics_Men's_800_metres-连续3届Gold(间隔12年)；Diving_Women's_Platform-连续3届Gold(间隔12年)；Diving_Women's_Springboard-连续3届Gold(间隔12年)；Rowing_Men's_Coxed_Eights-连续3届Gold(间隔12年)；Weightlifting_Men's_Heavyweight-连续3届Gold
1956,YUG,,Football_Men's_Football-连续3届Silver
1960,DEN,,Sailing_Mixed_One_Person_Dinghy-连续4届Gold
1960,ETH,首次获奖：Athletics_Men's_Marathon-Gold,
1960,GBR,,Athletics_Women's_High_Jump-连续4届Silver(间隔12年)
1960,GHA,首次获奖：Boxing_Men's_Light_Welterweight-Silver,
1960,HUN,,"Fencing_Men's_Sabre,_Team-连续4届Gold(间隔12年)；Wrestling_Men's_Featherweight,_Greco_Roman-连续3届Silver"
1960,IRI,,Weightlifting_Men's_Bantamweight-连续3届Bronze
1960,IRQ,首次获奖：Weightlifting_Men's_Lightweight-Bronze,
1960,ITA,,"Cycling_Men's_Team_Pursuit,_4,000_metres-连续3届Gold(间隔20年)；Fencing_Men's_epee,_Individual-连续4届Gold(间隔12年)；Fencing_Men's_epee,_Team-连续3届Gold(间隔16年)"
1960,SGP,首次获奖：Weightlifting_Men's_Lightweight-Silver,
1960,TPE,首次获奖：Athletics_Men's_Decathlon-Silver,
1960,URS,,"Athletics_Men's_4_x_100_metres_Relay-连续3届Silver；Athletics_Women's_Discus_Throw-连续3届Silver；Gymnastics_Men's_Horse_Vault-连续3届Gold；Gymnastics_Men's_Individual_All_Around-连续3届Gold；Gymnastics_Men's_Pommelled_Horse-连续3届Gold；Gymnastics_Men's_Rings-连续3届Gold；Gymnastics_Men's_Rings-连续3届Silver；Gymnastics_Women's_Horse_Vault-连续3届Gold；Gymnastics_Women's_Individual_All_Around-连续3届Gold；Gymnastics_Women's_Uneven_Bars-连续3届Silver；Wrestling_Men's_Heavyweight,_Greco_Roman-连续3届Gold"
1960,USA,,Athletics_Men's_110_metres_Hurdles-连续4届Bronze(间隔12年)；Athletics_Men's_Decathlon-连续4届Gold(间隔12年)；Athletics_Men's_Long_Jump-连续4届Gold(间隔12年)；Athletics_Men's_Pole_Vault-连续3届Silver(间隔24年)；Boxing_Men's_Light_Heavyweight-连续3届Gold(间隔32年)；Diving_Women's_Platform-连续4届Silver(间隔12年)；Swimming_Men's_100_metres_Backstroke-连续3届Bronze(间隔24年)
1964,AUS,,"Athletics_Men's_10,000_metres-连续3届Bronze；Swimming_Men's_1,500_metres_Freestyle-连续3届Gold(间隔32年)；Swimming_Women's_100_metres_Freestyle-连续3届Gold"
1964,GER,,"Equestrianism_Mixed_Jumping,_Team-连续3届Gold"
1964,HUN,,"Fencing_Men's_Sabre,_Individual-连续5届Gold(间隔12年)"
1964,JPN,,Gymnastics_Men's_Individual_All_Around-连续3届Silver
1964,KEN,首次获奖：Athletics_Men's_800_metres-Bronze,
1964,NGR,首次获奖：Boxing_Men's_Light_Middleweight-Bronze,
1964,TUN,"首次获奖：Boxing_Men's_Light_Welterweight-Bronze；Athletics_Men's_10,000_metres-Silver",
1964,URS,,Athletics_Men's_Triple_Jump-连续3届Bronze；Athletics_Women's_Javelin_Throw-连续4届Bronze；Athletics_Women's_Shot_Put-连续4届Gold；Basketball_Men's_Basketball-连续4届Silver；Gymnastics_Men's_Floor_Exercise-连续3届Silver；Gymnastics_Women's_Balance_Beam-连续4届Silver；Gymnastics_Women's_Horse_Vault-连续4届Silver；Rowing_Men's_Single_Sculls-连续4届Gold；Weightlifting_Men's_Middle_Heavyweight-连续3届Gold
1964,USA,,Athletics_Men's_200_metres-连续5届Silver(间隔12年)；Athletics_Men's_400_metres_Hurdles-连续5届Gold(间隔12年)；Athletics_Men's_Discus_Throw-连续5届Bronze(间隔20年)；Athletics_Men's_Long_Jump-连续4届Silver(间隔20年)；Diving_Men's_Springboard-连续5届Silver(间隔12年)；Diving_Women's_Springboard-连续3届Silver(间隔8年)；Swimming_Women's_100_metres_Butterfly-连续3届Gold
1968,BUL,,"Wrestling_Men's_Featherweight,_Freestyle-连续3届Silver"
1968,CMR,首次获奖：Boxing_Men's_Welterweight-Silver,
1968,ETH,,Athletics_Men's_Marathon-连续3届Gold
1968,GBR,,"Equestrianism_Mixed_Jumping,_Individual-连续3届Bronze"
1968,MGL,"首次获奖：Wrestling_Men's_Welterweight,_Freestyle-Bronze；Wrestling_Men's_Lightweight,_Freestyle-Bronze；Wrestling_Men's_Middleweight,_Freestyle-Silver；Wrestling_Men's_Flyweight,_Freestyle-Bronze",
1968,TCH,,Gymnastics_Women's_Team_All_Around-连续3届Silver(间隔24年)
1968,UGA,首次获奖：Boxing_Men's_Bantamweight-Silver；Boxing_Men's_Flyweight-Bronze,
1968,URS,,Gymnastics_Women's_Balance_Beam-连续3届Bronze；Gymnastics_Women's_Individual_All_Around-连续3届Silver(间隔8年)；Gymnastics_Women's_Uneven_Bars-连续4届Bronze
1968,USA,,Athletics_Men's_110_metres_Hurdles-连续6届Silver(间隔16年)；Athletics_Men's_4_x_400_metres_Relay-连续4届Gold(间隔8年)；Athletics_Men's_Discus_Throw-连续5届Gold(间隔16年)；Athletics_Men's_Pole_Vault-连续6届Gold(间隔12年)；Athletics_Men's_Shot_Put-连续6届Gold(间隔16年)；Athletics_Women's_100_metres-连续3届Gold(间隔24年)；Basketball_Men's_Basketball-连续6届Gold(间隔12年)；Diving_Men's_Springboard-连续6届Gold(间隔12年)；Swimming_Women's_400_metres_Freestyle-连续3届Gold(间隔12年)；Weightlifting_Men's_Heavyweight-连续3届Bronze
1972,HUN,,"Fencing_Men's_epee,_Team-连续3届Gold"
1972,JPN,,"Gymnastics_Men's_Floor_Exercise-连续3届Silver(间隔8年)；Gymnastics_Men's_Individual_All_Around-连续3届Gold；Gymnastics_Men's_Rings-连续3届Gold；Wrestling_Men's_Bantamweight,_Freestyle-连续3届Gold(间隔12年)"
1972,NIG,首次获奖：Boxing_Men's_Light_Welterweight-Bronze,
1972,URS,,"Canoeing_Women's_Kayak_Singles,_500_metres-连续5届Gold；Modern_Pentathlon_Men's_Individual-连续3届Bronze；Rowing_Men's_Double_Sculls-连续3届Gold(间隔8年)；Wrestling_Men's_Heavyweight,_Greco_Roman-连续3届Silver"
1972,USA,,"Athletics_Men's_110_metres_Hurdles-连续7届Gold(间隔12年)；Athletics_Men's_400_metres-连续5届Gold(间隔20年)；Athletics_Men's_Shot_Put-连续7届Silver(间隔16年)；Diving_Men's_Springboard-连续3届Bronze(间隔12年)；Equestrianism_Mixed_Three_Day_Event,_Team-连续3届Silver；Swimming_Men's_4_x_100_metres_Freestyle_Relay-连续3届Gold；Swimming_Women's_100_metres_Backstroke-连续3届Bronze(间隔28年)；Swimming_Women's_100_metres_Backstroke-连续4届Gold(间隔28年)；Swimming_Women's_100_metres_Freestyle-连续4届Silver(间隔12年)；Swimming_Women's_4_x_100_metres_Medley_Relay-连续4届Gold"
1976,BER,首次获奖：Boxing_Men's_Heavyweight-Bronze,
1976,FRA,,"Fencing_Men's_Foil,_Individual-连续4届Bronze(间隔44年)"
1976,FRG,,"Equestrianism_Mixed_Dressage,_Individual-连续3届Bronze"
1976,GDR,,Gymnastics_Men's_Team_All_Around-连续3届Bronze；Rowing_Men's_Coxed_Fours-连续3届Silver；Swimming_Women's_4_x_100_metres_Freestyle_Relay-连续3届Silver
1976,ITA,,Diving_Men's_Platform-连续3届Gold；Diving_Men's_Springboard-连续3届Silver
1976,JPN,,"Gymnastics_Men's_Horizontal_Bar-连续3届Gold(间隔8年)；Gymnastics_Men's_Individual_All_Around-连续3届Bronze；Gymnastics_Men's_Parallel_Bars-连续4届Gold；Gymnastics_Men's_Team_All_Around-连续5届Gold；Wrestling_Men's_Flyweight,_Freestyle-连续4届Gold"
1976,POL,,Boxing_Men's_Light_Heavyweight-连续4届Bronze；Weightlifting_Men's_Lightweight-连续4届Bronze
1976,THA,首次获奖：Boxing_Men's_Light_Flyweight-Bronze,
1976,URS,,"Fencing_Women's_Foil,_Team-连续3届Gold(间隔8年)；Gymnastics_Men's_Team_All_Around-连续5届Silver；Gymnastics_Women's_Individual_All_Around-连续6届Bronze；Weightlifting_Men's_Heavyweight-连续5届Gold；Wrestling_Men's_Middleweight,_Greco_Roman-连续3届Silver"
1976,USA,,"Athletics_Men's_400_metres-连续3届Silver(间隔36年)；Athletics_Men's_4_x_100_metres_Relay-连续4届Gold(间隔8年)；Athletics_Men's_Long_Jump-连续3届Gold(间隔8年)；Diving_Women's_Springboard-连续3届Gold(间隔12年)；Shooting_Mixed_Small_Bore_Rifle,_Three_Positions,_50_metres-连续3届Silver；Swimming_Men's_1,500_metres_Freestyle-连续3届Gold(间隔16年)；Swimming_Men's_100_metres_Backstroke-连续3届Silver(间隔8年)；Swimming_Men's_100_metres_Butterfly-连续3届Bronze；Swimming_Men's_100_metres_Butterfly-连续3届Gold；Swimming_Men's_100_metres_Freestyle-连续3届Silver(间隔8年)；Swimming_Men's_200_metres_Backstroke-连续4届Bronze；Swimming_Men's_200_metres_Backstroke-连续4届Silver；Swimming_Men's_200_metres_Butterfly-连续5届Bronze；Swimming_Men's_200_metres_Butterfly-连续3届Gold(间隔8年)；Swimming_Men's_200_metres_Freestyle-连续3届Silver；Swimming_Men's_400_metres_Individual_Medley-连续4届Silver；Swimming_Men's_4_x_100_metres_Medley_Relay-连续5届Gold；Swimming_Men's_4_x_200_metres_Freestyle_Relay-连续5届Gold(间隔8年)；Swimming_Women's_200_metres_Freestyle-连续3届Silver；Swimming_Women's_4_x_100_metres_Freestyle_Relay-连续5届Gold(间隔12年)"
1980,BRA,,Athletics_Men's_Triple_Jump-连续3届Bronze
1980,BUL,,"Weightlifting_Men's_Middleweight-连续3届Gold；Wrestling_Men's_Super_Heavyweight,_Greco_Roman-连续3届Silver"
1980,CUB,,Boxing_Men's_Heavyweight-连续3届Gold
1980,GDR,,"Athletics_Men's_20_kilometres_Walk-连续3届Bronze；Athletics_Women's_1,500_metres-连续3届Silver；Athletics_Women's_200_metres-连续3届Gold；Gymnastics_Women's_Horse_Vault-连续4届Silver；Rowing_Men's_Coxed_Pairs-连续3届Gold；Rowing_Men's_Coxless_Fours-连续4届Gold；Rowing_Men's_Coxless_Pairs-连续4届Gold；Rowing_Men's_Single_Sculls-连续3届Bronze；Swimming_Women's_100_metres_Butterfly-连续3届Silver"
1980,GUY,首次获奖：Boxing_Men's_Bantamweight-Bronze,
1980,TAN,"首次获奖：Athletics_Men's_3,000_metres_Steeplechase-Silver；Athletics_Men's_5,000_metres-Silver",
1980,URS,,"Athletics_Men's_Hammer_Throw-连续3届Bronze(间隔16年)；Athletics_Men's_Hammer_Throw-连续3届Gold(间隔8年)；Athletics_Men's_Triple_Jump-连续4届Gold；Athletics_Women's_1,500_metres-连续3届Gold；Canoeing_Men's_Kayak_Doubles,_1,000_metres-连续4届Gold；Cycling_Men's_100_kilometres_Team_Time_Trial-连续3届Gold；Fencing_Men's_Sabre,_Individual-连续3届Gold；Football_Men's_Football-连续3届Bronze；Gymnastics_Men's_Rings-连续4届Silver(间隔8年)；Gymnastics_Women's_Balance_Beam-连续3届Silver(间隔8年)；Gymnastics_Women's_Floor_Exercise-连续7届Gold；Gymnastics_Women's_Team_All_Around-连续8届Gold；Shooting_Mixed_Running_Target,_50_metres-连续3届Gold；Swimming_Women's_100_metres_Breaststroke-连续4届Silver；Swimming_Women's_200_metres_Breaststroke-连续5届Bronze；Weightlifting_Men's_Super_Heavyweight-连续3届Gold；Wrestling_Men's_Heavyweight,_Freestyle-连续5届Gold(间隔12年)；Wrestling_Men's_Super_Heavyweight,_Freestyle-连续3届Gold；Wrestling_Men's_Super_Heavyweight,_Greco_Roman-连续3届Gold"
1980,ZIM,首次获奖：Hockey_Women's_Hockey-Gold,
1984,ALG,首次获奖：Boxing_Men's_Light_Heavyweight-Bronze；Boxing_Men's_Middleweight-Bronze,
1984,CHN,"首次获奖：Volleyball_Women's_Volleyball-Gold；Gymnastics_Women's_Team_All_Around-Bronze；Shooting_Men's_Running_Target,_50_metres-Bronze；Fencing_Women's_Foil,_Individual-Gold；Gymnastics_Men's_Horse_Vault-Gold；Handball_Women's_Handball-Bronze；Gymnastics_Men's_Team_All_Around-Silver；Gymnastics_Men's_Floor_Exercise-Silver；Basketball_Women's_Basketball-Bronze；Gymnastics_Men's_Horizontal_Bar-Silver；Diving_Men's_Springboard-Silver；Gymnastics_Women's_Uneven_Bars-Gold；Shooting_Men's_Free_Pistol,_50_metres-Bronze；Shooting_Men's_Free_Pistol,_50_metres-Gold；Weightlifting_Men's_Bantamweight-Gold；Shooting_Women's_Air_Rifle,_10_metres-Bronze；Shooting_Women's_Small_Bore_Rifle,_Three_Positions,_50_metres-Gold；Weightlifting_Men's_Flyweight-Gold；Weightlifting_Men's_Lightweight-Gold；Athletics_Men's_High_Jump-Bronze；Diving_Women's_Platform-Gold；Weightlifting_Men's_Flyweight-Silver；Weightlifting_Men's_Featherweight-Gold；Shooting_Men's_Running_Target,_50_metres-Gold；Gymnastics_Men's_Rings-Gold；Gymnastics_Men's_Pommelled_Horse-Gold；Diving_Men's_Platform-Bronze；Archery_Women's_Individual-Silver；Gymnastics_Men's_Individual_All_Around-Bronze；Gymnastics_Men's_Floor_Exercise-Gold；Gymnastics_Men's_Horse_Vault-Silver；Weightlifting_Men's_Bantamweight-Silver",
1984,CIV,首次获奖：Athletics_Men's_400_metres-Silver,
1984,DOM,首次获奖：Boxing_Men's_Bantamweight-Bronze,
1984,FIN,,Rowing_Men's_Single_Sculls-连续3届Gold
1984,FRA,,Judo_Men's_Half_Middleweight-连续3届Bronze
1984,SYR,"首次获奖：Wrestling_Men's_Heavyweight,_Freestyle-Silver",
1984,ZAM,首次获奖：Boxing_Men's_Light_Flyweight-Bronze,
1988,AHO,首次获奖：Sailing_Mixed_Windsurfer-Silver,
1988,CRC,首次获奖：Swimming_Women's_200_metres_Freestyle-Silver,
1988,DJI,首次获奖：Athletics_Men's_Marathon-Bronze,
1988,INA,首次获奖：Archery_Women's_Team-Silver,
1988,ISV,首次获奖：Sailing_Mixed_One_Person_Dinghy-Silver,
1988,ROU,,Gymnastics_Women's_Balance_Beam-连续4届Gold；Gymnastics_Women's_Horse_Vault-连续3届Bronze；Gymnastics_Women's_Individual_All_Around-连续3届Silver
1988,SEN,首次获奖：Athletics_Men's_400_metres_Hurdles-Silver,
1988,SUR,首次获奖：Swimming_Men's_100_metres_Butterfly-Gold,
1992,CHN,,Weightlifting_Men's_Bantamweight-连续3届Silver
1992,ISR,首次获奖：Judo_Men's_Lightweight-Bronze；Judo_Women's_Half_Middleweight-Silver,
1992,ITA,,Athletics_Men's_20_kilometres_Walk-连续3届Bronze
1992,JPN,,Gymnastics_Men's_Team_All_Around-连续3届Bronze；Judo_Men's_Middleweight-连续3届Bronze；Synchronized_Swimming_Women's_Duet-连续3届Bronze；Synchronized_Swimming_Women's_Solo-连续3届Bronze
1992,KOR,,"Wrestling_Men's_Flyweight,_Greco_Roman-连续3届Bronze"
1992,LTU,首次获奖：Athletics_Men's_Discus_Throw-Gold；Basketball_Men's_Basketball-Bronze,
1992,MAS,首次获奖：Badminton_Men's_Doubles-Bronze,
1992,NED,,Boxing_Men's_Heavyweight-连续3届Bronze
1992,QAT,"首次获奖：Athletics_Men's_1,500_metres-Bronze",
1992,ROU,,Gymnastics_Women's_Floor_Exercise-连续4届Gold；Rowing_Women's_Coxed_Eights-连续3届Silver
1992,USA,,Athletics_Women's_200_metres-连续3届Gold(间隔20年)；Diving_Men's_Springboard-连续3届Gold(间隔8年)；Rowing_Men's_Coxless_Fours-连续3届Silver(间隔28年)；Swimming_Men's_100_metres_Backstroke-连续3届Silver(间隔8年)
1996,CHN,,Diving_Men's_Springboard-连续4届Silver；Diving_Women's_Platform-连续4届Gold；Swimming_Women's_50_metres_Freestyle-连续3届Silver；Weightlifting_Men's_Featherweight-连续3届Bronze
1996,ECU,首次获奖：Athletics_Men's_20_kilometres_Walk-Gold,
1996,GBR,,Rowing_Men's_Coxless_Pairs-连续3届Gold(间隔40年)
1996,HKG,首次获奖：Sailing_Women's_Windsurfer-Gold,
1996,HUN,,Swimming_Men's_200_metres_Individual_Medley-连续3届Gold；Swimming_Women's_200_metres_Backstroke-连续3届Gold
1996,JAM,,Athletics_Women's_200_metres-连续3届Silver
1996,KOR,,Table_Tennis_Men's_Doubles-连续3届Bronze
1996,MOZ,首次获奖：Athletics_Women's_800_metres-Bronze,
1996,TGA,首次获奖：Boxing_Men's_Super_Heavyweight-Silver,
1996,TUR,,Weightlifting_Men's_Featherweight-连续3届Gold
1996,USA,,"Athletics_Men's_200_metres-连续4届Gold(间隔16年)；Athletics_Men's_4_x_400_metres_Relay-连续4届Gold(间隔8年)；Athletics_Men's_Long_Jump-连续3届Bronze(间隔16年)；Athletics_Men's_Long_Jump-连续4届Gold(间隔8年)；Athletics_Women's_100_metres-连续4届Gold(间隔16年)；Athletics_Women's_4_x_100_metres_Relay-连续4届Gold(间隔16年)；Diving_Women's_Platform-连续4届Bronze(间隔8年)；Swimming_Men's_4_x_100_metres_Freestyle_Relay-连续4届Gold(间隔12年)；Swimming_Men's_50_metres_Freestyle-连续3届Silver；Wrestling_Men's_Featherweight,_Freestyle-连续4届Gold(间隔56年)"
2000,AUS,,"Equestrianism_Mixed_Three_Day_Event,_Team-连续3届Gold；Swimming_Men's_1,500_metres_Freestyle-连续3届Silver(间隔20年)"
2000,BAR,首次获奖：Athletics_Men's_100_metres-Bronze,
2000,CHN,,Badminton_Women's_Doubles-连续3届Bronze；Judo_Women's_Heavyweight-连续3届Gold；Table_Tennis_Women's_Doubles-连续4届Silver
2000,CUB,,Boxing_Men's_Middleweight-连续3届Gold(间隔12年)；Volleyball_Women's_Volleyball-连续3届Gold
2000,GRE,,Weightlifting_Men's_Light_Heavyweight-连续3届Gold
2000,ITA,,"Fencing_Women's_Foil,_Team-连续3届Gold"
2000,JAM,,Athletics_Women's_100_metres-连续3届Silver
2000,KEN,,"Athletics_Men's_10,000_metres-连续3届Silver"
2000,KGZ,首次获奖：Judo_Men's_Extra_Lightweight-Bronze,
2000,KOR,,Table_Tennis_Women's_Doubles-连续3届Bronze
2000,KSA,"首次获奖：Athletics_Men's_400_metres_Hurdles-Silver；Equestrianism_Mixed_Jumping,_Individual-Bronze",
2000,KUW,首次获奖：Shooting_Men's_Double_Trap-Bronze,
2000,LTU,,Basketball_Men's_Basketball-连续3届Bronze
2000,MKD,"首次获奖：Wrestling_Men's_Light_Heavyweight,_Freestyle-Bronze",
2000,NED,,"Equestrianism_Mixed_Dressage,_Team-连续3届Silver"
2000,SWE,,Handball_Men's_Handball-连续3届Silver
2000,USA,,Athletics_Men's_400_metres_Hurdles-连续5届Gold(间隔8年)；Athletics_Men's_Shot_Put-连续5届Silver(间隔12年)；Basketball_Men's_Basketball-连续3届Gold(间隔8年)；Swimming_Women's_4_x_100_metres_Freestyle_Relay-连续3届Gold(间隔8年)；Swimming_Women's_4_x_100_metres_Medley_Relay-连续3届Gold(间隔8年)；Swimming_Women's_800_metres_Freestyle-连续5届Gold(间隔12年)；Tennis_Women's_Doubles-连续4届Gold(间隔64年)；Tennis_Women's_Singles-连续3届Gold(间隔68年)
2000,VIE,首次获奖：Taekwondo_Women's_Featherweight-Silver,
2004,AUS,,"Swimming_Men's_1,500_metres_Freestyle-连续4届Gold(间隔28年)；Swimming_Women's_200_metres_Butterfly-连续3届Silver(间隔12年)"
2004,BRA,,Beach_Volleyball_Women's_Beach_Volleyball-连续3届Silver
2004,CHN,,Table_Tennis_Men's_Doubles-连续5届Gold；Table_Tennis_Women's_Doubles-连续4届Gold
2004,CUB,,Boxing_Men's_Heavyweight-连续4届Gold(间隔12年)；Judo_Women's_Heavyweight-连续4届Silver
2004,DEN,,Handball_Women's_Handball-连续3届Gold
2004,ERI,"首次获奖：Athletics_Men's_10,000_metres-Bronze",
2004,GER,,Rowing_Women's_Quadruple_Sculls-连续4届Gold
2004,ITA,,Judo_Women's_Half_Heavyweight-连续3届Bronze
2004,JPN,,Judo_Men's_Extra_Lightweight-连续3届Gold(间隔12年)
2004,KEN,,"Athletics_Men's_3,000_metres_Steeplechase-连续5届Silver(间隔16年)"
2004,KOR,,Archery_Women's_Individual-连续6届Gold
2004,NOR,,"Canoeing_Men's_Kayak_Singles,_1,000_metres-连续3届Gold"
2004,PAR,首次获奖：Football_Men's_Football-Silver,
2004,POL,,Athletics_Men's_50_kilometres_Walk-连续3届Gold
2004,ROU,,Rowing_Women's_Coxed_Eights-连续3届Gold；Rowing_Women's_Lightweight_Double_Sculls-连续3届Gold
2004,UAE,首次获奖：Shooting_Men's_Double_Trap-Gold,
2004,USA,,"Equestrianism_Mixed_Dressage,_Team-连续4届Bronze(间隔16年)；Softball_Women's_Softball-连续3届Gold；Swimming_Men's_100_metres_Breaststroke-连续3届Silver(间隔24年)；Swimming_Men's_400_metres_Individual_Medley-连续5届Silver(间隔12年)；Swimming_Women's_4_x_200_metres_Freestyle_Relay-连续3届Gold"
2008,AFG,首次获奖：Taekwondo_Men's_Flyweight-Bronze,
2008,AUS,,Basketball_Women's_Basketball-连续3届Silver
2008,CHN,,Diving_Men's_Springboard-连续4届Gold；Gymnastics_Women's_Individual_All_Around-连续3届Bronze；Table_Tennis_Men's_Singles-连续3届Bronze(间隔8年)；Weightlifting_Women's_Light_Heavyweight-连续3届Gold
2008,ETH,,"Athletics_Men's_10,000_metres-连续4届Gold(间隔16年)"
2008,FRA,,"Cycling_Men's_Mountainbike,_Cross_Country-连续3届Gold"
2008,GBR,,Rowing_Women's_Quadruple_Sculls-连续3届Silver；Sailing_Men's_One_Person_Dinghy-连续3届Gold
2008,GER,,"Canoeing_Women's_Kayak_Fours,_500_metres-连续4届Gold；Equestrianism_Mixed_Dressage,_Individual-连续3届Silver(间隔8年)；Equestrianism_Mixed_Dressage,_Team-连续5届Gold(间隔28年)；Football_Women's_Football-连续3届Bronze"
2008,HUN,,"Canoeing_Women's_Kayak_Fours,_500_metres-连续3届Silver(间隔12年)；Water_Polo_Men's_Water_Polo-连续3届Gold(间隔24年)"
2008,JPN,,Swimming_Women's_200_metres_Backstroke-连续3届Bronze
2008,KOR,,Archery_Men's_Team-连续3届Gold(间隔12年)；Archery_Women's_Individual-连续3届Silver(间隔8年)；Taekwondo_Men's_Heavyweight-连续3届Gold；Taekwondo_Women's_Featherweight-连续3届Gold
2008,MRI,首次获奖：Boxing_Men's_Bantamweight-Bronze,
2008,NED,,"Equestrianism_Mixed_Dressage,_Individual-连续3届Gold"
2008,ROU,,Rowing_Women's_Coxless_Pairs-连续3届Gold(间隔12年)
2008,RUS,,"Modern_Pentathlon_Men's_Individual-连续3届Gold；Weightlifting_Men's_Middle_Heavyweight-连续3届Bronze；Wrestling_Men's_Heavyweight,_Freestyle-连续3届Gold"
2008,SRB,首次获奖：Swimming_Men's_100_metres_Butterfly-Silver；Water_Polo_Men's_Water_Polo-Bronze；Tennis_Men's_Singles-Bronze,
2008,SUD,首次获奖：Athletics_Men's_800_metres-Silver,
2008,SVK,,"Canoeing_Men's_Canadian_Doubles,_Slalom-连续3届Gold"
2008,TJK,"首次获奖：Wrestling_Men's_Light_Heavyweight,_Freestyle-Silver；Judo_Men's_Lightweight-Bronze",
2008,TOG,"首次获奖：Canoeing_Men's_Kayak_Singles,_Slalom-Bronze",
2008,USA,,Athletics_Men's_400_metres-连续7届Gold(间隔12年)；Athletics_Men's_400_metres-连续3届Silver(间隔8年)；Swimming_Men's_200_metres_Butterfly-连续3届Gold(间隔8年)；Swimming_Women's_100_metres_Freestyle-连续4届Bronze(间隔28年)
2012,BOT,首次获奖：Athletics_Men's_800_metres-Silver,
2012,BRN,"首次获奖：Athletics_Women's_1,500_metres-Bronze",
2012,CHN,,Archery_Women's_Team-连续3届Silver(间隔12年)；Badminton_Women's_Doubles-连续5届Gold；Badminton_Women's_Singles-连续4届Gold；Weightlifting_Women's_Lightweight-连续3届Gold
2012,CYP,首次获奖：Sailing_Men's_One_Person_Dinghy-Silver,
2012,ETH,,"Athletics_Women's_5,000_metres-连续3届Gold"
2012,GAB,首次获奖：Taekwondo_Men's_Heavyweight-Silver,
2012,GBR,,Sailing_Men's_Two_Person_Dinghy-连续3届Silver(间隔8年)
2012,GRN,首次获奖：Athletics_Men's_400_metres-Gold,
2012,GUA,首次获奖：Athletics_Men's_20_kilometres_Walk-Silver,
2012,ITA,,"Fencing_Women's_Foil,_Individual-连续4届Gold(间隔8年)"
2012,JAM,,Athletics_Women's_4_x_400_metres_Relay-连续3届Bronze
2012,KEN,,"Athletics_Men's_3,000_metres_Steeplechase-连续3届Bronze(间隔12年)；Athletics_Men's_5,000_metres-连续3届Bronze(间隔36年)；Athletics_Women's_Marathon-连续3届Silver"
2012,MNE,首次获奖：Handball_Women's_Handball-Silver,
2012,RUS,,Athletics_Women's_4_x_400_metres_Relay-连续3届Silver；Athletics_Women's_Long_Jump-连续3届Silver
2012,USA,,Athletics_Men's_100_metres-连续3届Bronze(间隔12年)；Athletics_Men's_110_metres_Hurdles-连续6届Silver(间隔8年)；Beach_Volleyball_Women's_Beach_Volleyball-连续3届Gold；Football_Women's_Football-连续3届Gold(间隔8年)；Swimming_Men's_100_metres_Butterfly-连续3届Gold(间隔12年)；Swimming_Men's_400_metres_Freestyle-连续4届Bronze(间隔28年)；Swimming_Men's_400_metres_Individual_Medley-连续5届Gold(间隔20年)；Swimming_Women's_100_metres_Backstroke-连续3届Gold(间隔8年)；Swimming_Women's_200_metres_Breaststroke-连续3届Gold(间隔36年)
2012,UZB,,"Wrestling_Men's_Super_Heavyweight,_Freestyle-连续3届Gold"
2016,AUS,,Athletics_Men's_50_kilometres_Walk-连续3届Silver；Rowing_Men's_Coxless_Fours-连续3届Silver
2016,CHN,,"Badminton_Men's_Singles-连续3届Gold(间隔8年)；Diving_Men's_Synchronized_Platform-连续4届Gold；Diving_Women's_Platform-连续3届Gold(间隔12年)；Diving_Women's_Springboard-连续8届Gold；Diving_Women's_Synchronized_Platform-连续5届Gold；Diving_Women's_Synchronized_Springboard-连续4届Gold；Shooting_Women's_Air_Pistol,_10_metres-连续3届Gold(间隔8年)；Table_Tennis_Men's_Singles-连续3届Gold(间隔8年)；Table_Tennis_Men's_Singles-连续4届Silver(间隔8年)；Table_Tennis_Men's_Team-连续3届Gold；Table_Tennis_Women's_Singles-连续8届Gold；Table_Tennis_Women's_Singles-连续3届Silver(间隔8年)；Table_Tennis_Women's_Team-连续3届Gold；Trampolining_Men's_Individual-连续3届Bronze；Weightlifting_Men's_Lightweight-连续4届Gold(间隔8年)；Weightlifting_Men's_Middleweight-连续3届Silver"
2016,CUB,,"Boxing_Men's_Lightweight-连续3届Bronze；Wrestling_Men's_Super_Heavyweight,_Greco_Roman-连续3届Gold"
2016,ETH,,"Athletics_Women's_10,000_metres-连续3届Gold(间隔8年)；Athletics_Women's_5,000_metres-连续5届Bronze"
2016,FIJ,首次获奖：Rugby_Sevens_Men's_Rugby_Sevens-Gold,
2016,GBR,,"Cycling_Men's_Keirin-连续3届Gold；Cycling_Men's_Sprint-连续3届Gold(间隔100年)；Cycling_Men's_Team_Pursuit,_4,000_metres-连续3届Gold；Cycling_Men's_Team_Sprint-连续3届Gold；Rowing_Men's_Coxless_Fours-连续5届Gold(间隔68年)"
2016,GER,,"Equestrianism_Mixed_Three_Day_Event,_Individual-连续3届Gold"
2016,ITA,,Shooting_Men's_Trap-连续4届Silver(间隔44年)
2016,JAM,,Athletics_Men's_100_metres-连续3届Gold；Athletics_Men's_200_metres-连续3届Gold(间隔32年)；Athletics_Women's_100_metres-连续3届Gold
2016,JOR,首次获奖：Taekwondo_Men's_Featherweight-Gold,
2016,JPN,,"Wrestling_Women's_Lightweight,_Freestyle-连续4届Gold；Wrestling_Women's_Middleweight,_Freestyle-连续4届Gold"
2016,KAZ,,Boxing_Men's_Welterweight-连续4届Gold
2016,KEN,,"Athletics_Men's_3,000_metres_Steeplechase-连续9届Gold(间隔12年)；Athletics_Men's_800_metres-连续3届Gold(间隔16年)"
2016,KOR,,"Archery_Women's_Team-连续8届Gold；Shooting_Men's_Free_Pistol,_50_metres-连续3届Gold；Taekwondo_Women's_Welterweight-连续3届Gold(间隔8年)"
2016,MAS,,Badminton_Men's_Singles-连续3届Silver
2016,RUS,,Rhythmic_Gymnastics_Women's_Group-连续5届Gold；Rhythmic_Gymnastics_Women's_Individual-连续5届Gold；Synchronized_Swimming_Women's_Duet-连续5届Gold；Synchronized_Swimming_Women's_Team-连续5届Gold
2016,USA,,Athletics_Men's_Decathlon-连续3届Gold(间隔12年)；Athletics_Women's_4_x_400_metres_Relay-连续6届Gold(间隔12年)；Basketball_Men's_Basketball-连续3届Gold(间隔8年)；Basketball_Women's_Basketball-连续6届Gold(间隔8年)；Cycling_Women's_Individual_Time_Trial-连续3届Gold；Gymnastics_Women's_Individual_All_Around-连续4届Gold(间隔20年)；Rowing_Women's_Coxed_Eights-连续3届Gold(间隔24年)；Swimming_Men's_100_metres_Backstroke-连续6届Gold(间隔12年)；Swimming_Men's_200_metres_Backstroke-连续6届Gold(间隔12年)；Swimming_Men's_200_metres_Individual_Medley-连续4届Gold(间隔36年)；Swimming_Men's_4_x_100_metres_Medley_Relay-连续9届Gold(间隔8年)；Swimming_Men's_4_x_200_metres_Freestyle_Relay-连续4届Gold(间隔8年)；Swimming_Women's_200_metres_Individual_Medley-连续3届Bronze(间隔8年)
2016,UZB,,Judo_Men's_Extra_Lightweight-连续3届Bronze
2020,BUR,首次获奖：Men's_Triple_Jump-Bronze,
2020,SMR,首次获奖：Men's_Freestyle_86kg-Bronze；Trap_Mixed_Team-Silver；Trap_Women-Bronze,
2020,TKM,首次获奖：Women's_59kg-Silver,
2024,ALB,首次获奖：Men's_Freestyle_65kg-Bronze；Men's_Freestyle_74kg-Bronze,
2024,CPV,首次获奖：Men's_51kg-Bronze,
2024,DMA,首次获奖：Women's_Triple_Jump-Gold,
2024,EOR,首次获奖：Women's_75kg-Bronze,
2024,LCA,首次获奖：Women's_100m-Gold；Women's_200m-Silver,
